acc_x_mean,acc_x_std,acc_x_var,acc_x_dom_freq,acc_x_spectral_energy,acc_y_mean,acc_y_std,acc_y_var,acc_y_dom_freq,acc_y_spectral_energy,acc_z_mean,acc_z_std,acc_z_var,acc_z_dom_freq,acc_z_spectral_energy,gyro_x_mean,gyro_x_std,gyro_x_var,gyro_x_dom_freq,gyro_x_spectral_energy,gyro_y_mean,gyro_y_std,gyro_y_var,gyro_y_dom_freq,gyro_y_spectral_energy,gyro_z_mean,gyro_z_std,gyro_z_var,gyro_z_dom_freq,gyro_z_spectral_energy,acc_sma,gyro_sma,acc_mag_mean,acc_mag_std,gyro_mag_mean,gyro_mag_std,acc_xy_corr,acc_xz_corr,acc_yz_corr,activity,state,start_time,end_time,split,recording
0.14244264738188397,0.06475584071953736,0.004193318907294092,4.0,0.20318011063172423,-0.14369395121169537,0.04622092695748842,0.002136374088809479,4.0,0.10488361495814645,-0.15797864145366217,0.18183464537539876,0.033063838258797024,5.0,1.5896681076568067,-0.0037759979738057952,0.03399504339303447,0.0011556629752942963,1.0,0.05556239550746055,-0.013520787920375926,0.09388061410390544,0.00881356970452641,4.0,0.42430367470469244,-0.01318207775859838,0.02549666618059527,0.0006500799863247106,4.0,0.03134538988913901,0.4809051950147306,0.09453122750840376,0.2978546633469056,0.128729333645971,0.065844252606073,0.08157624719005384,-0.5370497727165804,0.20250916531578841,-0.007190897496763181,standing,0,0.0,0.9800000000000003,unseen,standing_unseen
0.14064854476510236,0.042696443741434886,0.0018229863081655146,4.0,0.087727722134998,-0.13952064553812096,0.028082061358849983,0.0007886021701622154,4.0,0.037948346296895925,-0.15285053237274582,0.06622300485445677,0.004385486371953406,14.0,0.2108485757132115,0.0038303239967082702,0.01941540460080515,0.0003769579358129658,5.0,0.018127401748409426,0.011484330219515965,0.017267821142779208,0.00029817764701901264,1.0,0.014355591803691158,-0.007659222925323112,0.011258142650181463,0.0001267457759318349,1.0,0.006093815074404535,0.43419885464160196,0.04307982394586899,0.25980094635560375,0.04595489142148678,0.02798621636700923,0.014962552274034006,-0.6157640716070762,0.23610996956215113,-0.11713160534307453,standing,0,0.5000000000000001,1.4800000000000002,unseen,standing_unseen
0.13746052471748899,0.031232728079906066,0.0009754833033133529,2.0,0.04723231043821812,-0.13818379037595047,0.028305614280614358,0.0008012077998029194,5.0,0.03853891348438695,-0.14540320459155057,0.05079242090330084,0.002579870021218072,13.0,0.12457159723609347,-0.002350504514494659,0.013964272052607252,0.00019500089395922796,4.0,0.009378504859423086,-0.002532615027853297,0.018492497190104276,0.00034197245232601455,3.0,0.016442866215111172,-0.004789714960595217,0.008085904242783621,6.538184742346617e-05,1.0,0.0031438150691348514,0.42104751968499005,0.03395010598329046,0.2488059876586014,0.03980438811646977,0.022380622914367054,0.01167661301188555,-0.5702486746942336,0.10990602372005817,-0.20914084210472048,standing,0,1.0000000000000002,1.9800000000000004,unseen,standing_unseen
0.1307897654232001,0.029784035739086778,0.0008870887849071986,5.0,0.04265023445216208,-0.1290710729878503,0.027721597715210308,0.0007684869798839535,8.0,0.03716557522788883,-0.14128236472275704,0.048197800096944896,0.0023230279341850614,6.0,0.11188215452691762,-0.0020041525538605012,0.008656815609755682,7.494045650130964e-05,6.0,0.003603340989920297,-0.0072854026588099275,0.0163557121748109,0.00026750932074525753,6.0,0.012872136416113495,-0.005718325023670492,0.006972234165360595,4.8612049256621556e-05,3.0,0.0023371888878808305,0.40114320313380747,0.029053782051338642,0.23636958512829442,0.042825624672607344,0.018748374436899133,0.011373356712663695,-0.43385773719856346,-0.29257195308537987,-0.06595493596849372,standing,0,1.5000000000000002,2.4800000000000004,unseen,standing_unseen
0.11114311032688658,0.0352151370087441,0.0012401058745446184,4.0,0.059789862966970614,-0.12014257516709259,0.04056843995250325,0.0016457983201798615,4.0,0.07915526187631824,-0.14093698938761284,0.05359921398306691,0.0028728757396025957,4.0,0.13815337175731385,0.0055233476109268235,0.0151140086420601,0.0002284332572322674,1.0,0.010983625509579762,-1.5799614232073003e-05,0.017152910449059783,0.0002942223368734643,3.0,0.014153462191579322,0.0032669002901429423,0.01136307731284355,0.00012911952601765982,1.0,0.006207976603501654,0.3728921306017976,0.0349596712259709,0.2241647846667895,0.04646712351951689,0.022204628152686513,0.014138948500118034,-0.3609675910081193,-0.14835064523363362,-0.045832182115572176,standing,0,2.0000000000000004,2.9800000000000004,unseen,standing_unseen
0.12432217492595285,0.05217129464115149,0.0027218439845338423,1.0,0.13091285213076095,-0.12844048026177945,0.0520047143595411,0.0027044903156174605,2.0,0.13064257852392339,-0.13330025514755853,0.05073982965874595,0.0025745303137985546,4.0,0.12380129329807067,0.0032693730347322218,0.02379722425709252,0.0005663078823423526,4.0,0.027331292030249026,0.006832146325314997,0.0268528379913331,0.0007210749081887824,4.0,0.03470307155240625,0.0011758990544842112,0.013529041773589604,0.00018303497131153253,2.0,0.008801353040060468,0.3867323660554965,0.05064186081210597,0.23399562995535392,0.054486952074298836,0.03304956341678802,0.020902006646239986,-0.3119767992489741,-0.03465654530914308,-0.023749591189748592,standing,0,2.5000000000000004,3.480000000000001,unseen,standing_unseen
0.1410134507706186,0.045357885650720534,0.0020573377907038394,2.0,0.09895871924344563,-0.13041975136096262,0.04625790923278982,0.002139794166589022,2.0,0.1030575321946985,-0.13134707746600952,0.06144234485377717,0.003775161741130478,6.0,0.18149910670971267,-0.017748258382613645,0.026441899980163535,0.0006991740745609724,3.0,0.03361435828752789,-0.011512888560111926,0.034141957154659064,0.0011656732383505753,1.0,0.05604315925706182,0.0014387519402899176,0.012757866938178146,0.000162763168812259,3.0,0.00782546001643221,0.4035258207458982,0.06526886658519963,0.24332248595545777,0.05396870508947082,0.04369661243967814,0.023829264125852314,-0.2002934040675758,-0.02743262559226175,0.01791609779687998,standing,0,3.0000000000000004,3.980000000000001,unseen,standing_unseen
0.12000397256622401,0.04364637153553812,0.0019050057482182317,6.0,0.09159307071811246,-0.1144407703280182,0.03715008141999248,0.0013801285495120704,1.0,0.06638593618682828,-0.13268319906362186,0.06778288711773657,0.004594519786015818,7.0,0.22184752969543128,-0.019288394866738903,0.020063193289396444,0.0004025317249676825,1.0,0.01942237340233024,-0.020114358719513222,0.026400713183724858,0.0006969976566093036,3.0,0.03354915777837301,0.006374165165125222,0.0126138456790325,0.00015910910281444687,3.0,0.007653969009770555,0.3686897279856863,0.06048883022573683,0.22301431501465838,0.05698020744952396,0.04040223755011798,0.02106079937039577,-0.2030779568020537,-0.19901155677329516,0.1175576274718599,standing,0,3.500000000000001,4.48,unseen,standing_unseen
0.10531816508147618,0.049274197912364516,0.0024279465799068676,7.0,0.11675973920668824,-0.11730155107446093,0.04601046566488584,0.002116962950699639,3.0,0.10188279741383845,-0.13344700668224319,0.06910683815207129,0.004775755079376576,7.0,0.22960363648588483,-0.00512326851414152,0.014757158525035634,0.0002177737277330319,7.0,0.01048050026665944,-0.006120521017735111,0.022788586440993817,0.0005193196719786473,3.0,0.02496859108066576,0.00336922737187773,0.014279008117615616,0.00020389007282293266,1.0,0.009804485354050865,0.3591968037065875,0.04319985413245778,0.21947575884932047,0.06173110448187447,0.028470694576290437,0.01433399364302005,-0.35236635828153134,-0.20423967415094224,0.057890160430543416,standing,0,4.000000000000001,4.980000000000001,unseen,standing_unseen
0.11357851628779665,0.0462266274601183,0.002136901086336563,3.0,0.1031475245319407,-0.12104503663563168,0.052020751706415264,0.0027061586081005063,9.0,0.13010377928650643,-0.13007961847825023,0.08536119346022719,0.007286533348954334,6.0,0.3507097420316538,-0.004853465662062918,0.01562481104067525,0.00024413472005680722,5.0,0.0117373929873048,-0.0068349090677578385,0.02129466380192726,0.00045346270643711114,2.0,0.021851483831232085,0.003303454367363988,0.011588250373037673,0.00013428754670820775,2.0,0.006463212922244952,0.3716125789262811,0.04096160415301251,0.22955673156257606,0.062497899463939056,0.02771122765532645,0.01204814328813346,-0.36923302150928533,-0.010113663804540216,-0.21330875507679292,standing,0,4.500000000000001,5.480000000000001,unseen,standing_unseen
0.121995881682319,0.03987676193269343,0.0015901561422367082,6.0,0.07688975071393206,-0.11743164775505782,0.044203774607065,0.001953973689512204,4.0,0.09395712030161527,-0.12501031717780126,0.0801280746286293,0.006420508343691187,6.0,0.30879948027803994,-0.0012856459118284077,0.012693307720718363,0.0001611200608928484,5.0,0.007769330084769933,-0.00509462031413855,0.020504610029078437,0.00042043903244458407,2.0,0.02022121662536648,-0.0020232258422984268,0.01040785516508598,0.00010832344913740691,1.0,0.005207974486423008,0.3690334181508881,0.035638119176304266,0.2267554865480513,0.05336060286958407,0.024600092024463817,0.010789786801764414,-0.2914148254676544,0.14018304936051448,-0.28516577079642447,standing,0,5.000000000000001,5.980000000000001,unseen,standing_unseen
0.10464587595253336,0.04522302097300279,0.0020451216259246502,8.0,0.09880254113864836,-0.10966231050588454,0.043077254028630135,0.0018556498146471315,4.0,0.08923542878857854,-0.1317727588952653,0.06188123778261925,0.0038292875895090646,6.0,0.18410971056403239,-0.0009741638617121645,0.01574490337002787,0.000247901982131515,1.0,0.011918464065042496,-0.003935611107002392,0.02595054819538395,0.0006734309516409451,2.0,0.03240085961313039,0.003155966348863162,0.018772724137658545,0.0003524151715486278,2.0,0.016954631617095015,0.3460809453536832,0.046783747862922415,0.21191291600925008,0.056246037591719374,0.030847883178707618,0.018669610663430522,-0.4329531823074952,0.004689657993048824,0.07015920172925148,standing,0,5.500000000000001,6.480000000000001,unseen,standing_unseen
0.09288521953117523,0.05822421652031954,0.003390059389405051,8.0,0.16337935348721044,-0.09296846775160078,0.04496366876426304,0.002021731508742364,5.0,0.0972528951149034,-0.11969428797125013,0.059429556733042455,0.0035318722134859114,3.0,0.16982411934545355,0.00128812622964602,0.038822110848563796,0.0015071562907381748,2.0,0.07248495696523408,-0.004507914787558673,0.04962541015669806,0.002462681333220511,2.0,0.11840359701607957,0.011750359782145977,0.02280886460885809,0.0005202443047452191,2.0,0.02501181137772152,0.3111067691208635,0.09315610660583502,0.19251479176158676,0.05898508829361731,0.05995473351560669,0.032489434862763594,-0.34893511459052395,-0.203808390786478,0.11666232078553412,standing,0,6.000000000000001,6.980000000000001,unseen,standing_unseen
0.10390111871700246,0.05861736101257144,0.0034359950120781296,7.0,0.16521185210234485,-0.10973506400117035,0.047603138102722216,0.0022660587572268438,4.0,0.10899464605684643,-0.12129934716475008,0.05976335325867395,0.0035716583927210537,5.0,0.1717145855578489,0.0043905230965519985,0.03656400467970227,0.0013369264382172897,2.0,0.06427687922118829,0.004741458017233504,0.04671171932572915,0.002181984722365698,2.0,0.10490444637317077,0.00084018838897649,0.020878947384257815,0.0004359304438746062,2.0,0.02096499314666493,0.3405862730218346,0.08019187553319419,0.20863765095708708,0.05740035827165958,0.051926010122956556,0.0360693098199525,-0.41467679441632266,-0.0930585019908279,0.08925249505978514,standing,0,6.500000000000001,7.480000000000001,unseen,standing_unseen
0.11201487239161073,0.03837926939148199,0.0014729683190239464,7.0,0.07081610975449333,-0.11655564192103789,0.035045692770764414,0.001228200581782809,1.0,0.05918108190142191,-0.11685445979458851,0.057995334052203924,0.003363458771826724,7.0,0.16176218407011034,-0.006845371856026897,0.014894460170784767,0.0002218449437790938,1.0,0.010680437580567075,-0.0020506008815056927,0.022942647944574863,0.0005263650947087052,1.0,0.025308058695608468,-0.007377182904505834,0.010410992321989247,0.00010838876112851905,2.0,0.005211028242311567,0.34551692337931156,0.04090679345599074,0.20786533579479624,0.051421239988639074,0.02785600574126373,0.013642897463077636,-0.40421301092533957,0.07252241802107896,0.19466441331648804,standing,0,7.000000000000002,7.980000000000002,unseen,standing_unseen
0.09371924450065443,0.048852688336194196,0.002386585157673324,6.0,0.11479388635623594,-0.09603658081566467,0.03710521403850207,0.001376796908843051,4.0,0.06619282291108414,-0.1134718136369373,0.07981297875424902,0.006370111577626204,6.0,0.307577076534201,-0.010609762628298942,0.02020726849006944,0.0004083336998297532,2.0,0.019631427877059633,-0.012356999075957817,0.0340405219288401,0.0011587571331878438,6.0,0.055715971997863156,0.0036021094574606336,0.02019883852666914,0.0004079930778264535,1.0,0.01961517843144769,0.31007252975503363,0.06501094857854836,0.19351127590136785,0.05974155905029797,0.042859344441510905,0.02040583707235696,0.056438854080353866,-0.11484989925690724,-0.10706405007265313,standing,0,7.500000000000002,8.480000000000002,unseen,standing_unseen
0.08881934476576415,0.13128023793103857,0.0172345008712301,6.0,0.8297853350166756,-0.08368078788873451,0.16221174218273987,0.026312649301959673,5.0,1.2670001496378132,-0.10865401222849456,0.2170471508840625,0.047109465706888995,7.0,2.265219320466504,0.003150072350098402,0.04061488207103001,0.0016495686456436754,3.0,0.07932227600415917,0.013932823079037515,0.06779987643343896,0.004596823244389593,1.0,0.22102366341405838,0.0025196356801000953,0.026874693309073824,0.0007222491404567774,1.0,0.03472356715456936,0.4396149898239503,0.11498723848360433,0.284773281771583,0.19041491146643497,0.07486155592847386,0.03968354259867777,-0.40189390883127973,0.7205786271341256,-0.4900642090612029,standing,0,8.000000000000002,8.980000000000002,unseen,standing_unseen
0.09583120870115648,0.13701228000163107,0.018772364871245353,6.0,0.9055264640617526,-0.08893696005194719,0.16531730072172787,0.02732980991791821,6.0,1.3173306549143136,-0.10563731222390149,0.22802085578691428,0.051993510673796754,5.0,2.4997503714161073,0.0016165477530101673,0.04052406171419826,0.0016421995778161497,3.0,0.07897492545669958,0.012472159440882622,0.07145940305606958,0.005106446285129807,4.0,0.2455518678815102,0.004537246926848879,0.02747539463731497,0.0007548973104761961,3.0,0.03632020597540182,0.4594771914437638,0.1147835372950804,0.29552316211260715,0.19752060975053295,0.07603844119692964,0.0435941880437632,-0.4588165401773384,0.696646295433738,-0.39779821602945237,standing,0,8.500000000000002,9.480000000000002,unseen,standing_unseen
0.0866157025159739,0.06291767020903594,0.003958633224533009,8.0,0.1903262332988643,-0.09276273644637209,0.050263495810516326,0.0025264190110937924,5.0,0.12157494535427109,-0.10816586179341035,0.11819182807205024,0.013969308223013082,7.0,0.6717385638767774,-0.0048651297910051496,0.01907348409487825,0.00036379779551757354,4.0,0.01749672580433113,-0.004358225030283116,0.04489825554414688,0.002015853350907516,1.0,0.09691756998111242,0.013122739114163,0.022673332481807702,0.0005140800058305962,1.0,0.024726653702870933,0.31225610824286093,0.06903866293415016,0.1985711663552099,0.09397292803694782,0.046195124314639464,0.03121876898545146,-0.5995355703421749,0.11330711574760124,0.18098532326737943,standing,0,9.000000000000002,9.980000000000002,unseen,standing_unseen
0.07767302859137529,0.037208381649145535,0.00138446366494847,7.0,0.06667137479141579,-0.08296375007250571,0.030599121940369366,0.0009363062635215938,9.0,0.045210349666926386,-0.09564338945050377,0.07484116512397902,0.005601199997114693,6.0,0.2692980131390785,-0.004238048079609782,0.012229759815190045,0.00014956702513723726,5.0,0.0072168033305530285,-0.0007633912040311883,0.026093362009238303,0.0006808635409451608,1.0,0.03277129896044739,0.00880991763141153,0.018995762372017628,0.00036083898809416074,1.0,0.017357085017641005,0.2649123886314659,0.0464230977540054,0.16769370560859304,0.0431802288909383,0.030754837977547248,0.018481557333707255,-0.6402492512782914,0.28237328511813126,-0.5038614903534929,standing,0,9.500000000000002,10.480000000000002,unseen,standing_unseen
-0.2618323042615705,1.4205197241070602,2.017876286577198,1.0,97.03240310384626,-0.06328712241045062,0.8157248721809071,0.6654070670945571,2.0,31.992789504029034,-0.3332434309858203,1.5383664264469974,2.366571262019305,2.0,113.7820406409494,-0.12951980263702356,0.3272494841089419,0.1070922248495686,2.0,5.148757601872384,-0.33683992297781595,0.5586615993757877,0.3121027826171132,2.0,15.00514224826868,-0.6736314566527565,0.4943808336365581,0.24441240866717812,1.0,11.752148924973568,3.2783467170818597,1.5669955013427654,2.1303721681399264,0.8336555887289244,1.0511128157668082,0.37786917980113255,-0.17192759735713806,-0.3090528472618129,0.22046520917339396,walking,1,0.0,0.9800000000000002,unseen,walking_unseen
0.2481205466471278,1.2853974338351473,1.652246562909982,1.0,79.43645916056136,0.055098775314267524,0.6922420720585456,0.4791990863279086,2.0,23.039294631497373,-0.2909195617400309,1.4751255806828911,2.175995478785037,2.0,104.64851794082823,-0.020497413513768832,0.38952116541087184,0.15172673830304378,5.0,7.296987839537176,-0.016718310751381475,0.6377017748118003,0.4066635535981202,1.0,19.55825107807602,-0.15701127261608153,0.7486514214570347,0.5604789508496385,1.0,26.954269659559547,2.9440378699361327,1.4703194334117353,1.937450585951788,0.8384272342491103,1.001735829444484,0.375162306690891,0.16812447225526797,-0.17678313092202938,0.34174132888181935,walking,1,0.5000000000000001,1.4800000000000002,unseen,walking_unseen
-0.40724388515852034,0.900642087612732,0.8111561699794201,1.0,39.03911944135247,-0.0023512470527796724,0.6909635721114986,0.4774306579850822,2.0,22.95592412907587,0.015978792191615517,1.0490211019890194,1.1004452724182565,2.0,52.93050087913105,0.08617185031511898,0.3728066944641846,0.13898483143731188,3.0,6.6822178984298315,0.08028934313006317,0.3574342028684688,0.1277592093802177,5.0,6.148961274160846,-0.016122584254745952,0.5492208478665264,0.30164353973122604,1.0,14.512058330033419,2.2732517870293565,1.0748849074684665,1.4980254076305328,0.5577279001787045,0.7314230213175869,0.21803634689071488,0.07317587957964032,-0.024315719591689093,0.44655452639330007,walking,1,1.0000000000000002,1.9800000000000004,unseen,walking_unseen
-0.22018076855300223,1.0391781259205133,1.0798911773916702,1.0,51.93102235840394,0.017359636485659267,0.8318469206773665,0.6919692994404169,2.0,33.272633582536336,0.08578144643573349,1.154594578378952,1.3330886404220699,1.0,64.0914059647422,0.1594713270865569,0.28701258258196705,0.08237622256037044,3.0,3.9606716796532093,0.07770446192684222,0.4774830506808846,0.2279900636875242,5.0,10.962665730398365,-0.1478531635276153,0.4917585718242091,0.24182649296258582,1.0,11.627490568878512,2.5404647215974405,1.0701977664382092,1.6830700055996823,0.5730304161883153,0.7096170362491635,0.31932129056272646,0.29922355946673257,-0.06128015524442242,0.14845710652529157,walking,1,1.5000000000000002,2.4800000000000004,unseen,walking_unseen
-0.11176977832920247,1.0342915764724099,1.069759065161783,1.0,51.44857308196757,0.32606887926386835,1.0869224909166517,1.181400501260459,2.0,56.81240740092389,0.12804969334448182,1.1441267289240697,1.3090259718384916,2.0,62.94817713422995,0.08387442782311988,0.32147674296275064,0.10334729626593843,2.0,4.968648657392427,-0.062144336267832515,0.55995657319245,0.3135513638614316,1.0,15.080998031707244,-0.22057771833029857,0.547326637285066,0.2995664478817782,1.0,14.40420505959611,2.7576029437431315,1.1901136967823678,1.8482886816236546,0.5284170786229339,0.7799073215781869,0.40958643258110095,0.44520060409116063,0.42005641935857246,-0.03871773593680344,walking,1,2.0000000000000004,2.9800000000000004,unseen,walking_unseen
-0.10849892625858745,0.7359879495963144,0.541678261950987,1.0,26.075281330915598,0.261642400986796,1.1628649045605435,1.352254786258602,2.0,65.01808252101812,-0.008116585574469015,1.2865099628272971,1.6551078844538933,2.0,79.58551568492561,-0.07392829310110004,0.3163400076833642,0.10007100046111089,1.0,4.811546069035034,-0.20872080177669225,0.3922046348339015,0.15382447558519402,2.0,7.395407834805781,-0.24598509084082087,0.4380375229640956,0.1918768715245206,1.0,9.226410954206855,2.6844202193467503,0.9969821017033386,1.810361670679218,0.593233677359791,0.6486939068341512,0.3667519506944514,0.1798702381967027,0.3139978678277265,0.4146425157681764,walking,1,2.5000000000000004,3.480000000000001,unseen,walking_unseen
-0.08653396311356738,1.0017389233510727,1.0034808705565665,2.0,48.25796213826441,0.05834481881478772,0.8998837169824063,0.8097907040900715,2.0,38.94213882070538,-0.24625201173063893,1.0797678290218904,1.1658985645906466,2.0,56.052847438646914,-0.10386142081401845,0.30449855047762764,0.09271936724297633,5.0,4.457763917269924,-0.12984008444884623,0.2864553866260295,0.08205668852706802,7.0,3.9450348812130493,0.021043584123846232,0.2703106855358792,0.073067866714877,2.0,3.512976811578598,2.4104725108383542,0.7404479266366562,1.5894193059949848,0.724188309007929,0.4823416112055372,0.20803597592852843,-0.30077983251088036,-0.09017425768563968,0.5418906516442186,walking,1,3.0000000000000004,3.9800000000000013,unseen,walking_unseen
-0.5691177943973786,0.9992959029328863,0.9985923016184526,1.0,48.00931817025261,-0.13063346208393198,0.8106733253053919,0.6571912403617018,2.0,31.595745629917953,-0.15128615860331748,1.0856481076372684,1.178631813616382,2.0,56.66952167437093,0.0195337970703542,0.32524496256953783,0.10578428567686007,5.0,5.08685385166769,-0.12262205112872722,0.3721919170865275,0.13852682314454454,5.0,6.661911697765552,-0.3289653505436174,0.3842499518866061,0.14764802552485912,1.0,7.098889224467433,2.5581666023514886,1.0096001500095262,1.6593027547718384,0.667066256607126,0.6655007168607215,0.2696365492907378,-0.2702255955975938,-0.14905397775836465,-0.08246054906124897,walking,1,3.500000000000001,4.48,unseen,walking_unseen
-0.6359354841871983,0.607901156316409,0.369543815850827,1.0,17.76777699236743,-0.21559176023987892,0.729556248724589,0.5322523200530944,2.0,25.590170513069943,0.05246425748342242,1.3505330190325409,1.8239394354971494,3.0,87.71329505087425,-0.02054448864006864,0.382750847132419,0.14649821098058438,3.0,7.046616105704141,-0.1318752447297413,0.44608659939233847,0.19899325415742067,2.0,9.570881853764487,-0.5209018731083477,0.24231689930342162,0.05871747968802458,1.0,2.823515811530541,2.526193773221826,1.2299073197547414,1.660240916306827,0.6503705994790674,0.7886998195905202,0.2670457956937475,-0.02187164521545593,0.31613292677355365,-0.24929350428569158,walking,1,4.000000000000001,4.980000000000001,unseen,walking_unseen
-0.3921580651048606,0.7508927551860749,0.5638399297909347,1.0,27.109207060685897,-0.0488413367146614,0.5631582344558839,0.3171471970354683,2.0,15.256908503885494,0.19703200372652988,1.4933895380328757,2.2302123123060458,2.0,107.23717441728564,-0.00120657263701563,0.4170435491173509,0.1739253218603963,3.0,8.362244783176848,-0.22834762160417907,0.3708425640604675,0.13752420731894194,2.0,6.612398690356774,-0.5498715997222273,0.3212525258299186,0.1032031853521025,1.0,4.961716900914895,2.355230882593896,1.258492205407999,1.5874637241143896,0.8866529188158553,0.8034871796838334,0.35151662109501314,-0.6067869447440419,0.6590387367282767,-0.5812046754127655,walking,1,4.500000000000001,5.480000000000001,unseen,walking_unseen
0.20443236447321403,0.8677025234357316,0.7529076691767365,2.0,36.23060455670954,0.060445866385690356,0.5388766936448146,0.29038809095356743,1.0,13.964868046755765,0.11426243033431963,1.5052531542560104,2.2657870583976685,3.0,108.98222049487028,0.06165655189107986,0.4766187704807436,0.22716545237457575,3.0,10.92460042888499,-0.16030666378996308,0.3059951986659408,0.09363306160660859,3.0,4.503576564779071,-0.3012954184913903,0.5093150075734871,0.2594017769395812,1.0,12.474218669168534,2.3698460215995114,1.122435326784615,1.630618580912354,0.841824245020588,0.7541019344718077,0.3630554357079794,-0.3369229318577254,0.41823714097431736,-0.4319885256483763,walking,1,5.000000000000001,5.980000000000001,unseen,walking_unseen
-0.3275756606564672,1.2783648655828295,1.6342167295566057,1.0,78.5682080790819,0.13012504719268164,0.6643850540900135,0.44140750009819013,2.0,21.23091626792907,-0.03362487797753483,1.5899957392339747,2.528086450782194,2.0,121.54262736754119,-0.12143504805202726,0.6242799117531665,0.38972540821854146,2.0,18.737820141556867,-0.12394645082032625,0.4220729359323053,0.1781455632465159,7.0,8.564690813617084,-0.4930465031655868,0.7041579736967855,0.49583845192076276,1.0,23.840752489622716,2.9535321014353393,1.5347385966368876,1.9794215388466472,0.9005387419580476,1.0154850204387427,0.5529047336571764,-0.19367154050353733,0.3386777080785667,-0.5121002073551808,walking,1,5.500000000000001,6.480000000000001,unseen,walking_unseen
-0.504174164905115,1.1102501462573462,1.2326553872644588,1.0,59.26281527334405,-0.05548235036672735,0.8685456428187233,0.7543715336593891,1.0,36.27219615785686,-0.1572423317195642,1.392080025267874,1.9378867967498048,2.0,93.16844177650324,-0.07550326921874052,0.515057887547551,0.2652846275249457,3.0,12.75475540108899,-0.14773089072910603,0.48517849053326484,0.23539816767613736,7.0,11.317249498040134,-0.5604327711862207,0.6306193901114814,0.39768081518457676,1.0,19.11940826640806,2.77065841543943,1.4608127964182387,1.8128215949681985,0.9594720491682927,0.9429335187965528,0.5923259577913246,-0.40408751996239856,0.31998713410649576,-0.5372331029330345,walking,1,6.000000000000001,6.980000000000001,unseen,walking_unseen
-0.3354417443839812,0.9034395140672232,0.8162029555780204,1.0,39.268625402153006,-0.1212018777833865,0.8867122766983492,0.7862586616475697,4.0,37.80246211763462,0.04276856638009278,1.2934096241296191,1.6729084557911225,2.0,80.43503966954037,0.09477811088215196,0.3163375081479765,0.10006941906127109,4.0,4.81332366493441,-0.059355176899619,0.5987792865980911,0.35853663405891895,3.0,17.239645817930793,-0.03404641748057008,0.3968092920925495,0.15745761429099026,4.0,7.573363604297244,2.4990529626966302,0.9990797916457574,1.6282183747710919,0.8679373286120908,0.6614542840187815,0.4384141688344679,-0.06849071745541802,-0.19618826834524092,-0.6051728897721056,walking,1,6.500000000000001,7.480000000000001,unseen,walking_unseen
-0.4629901849135784,0.9506695744856216,0.9037726398526729,1.0,43.451772928556565,-0.11731624062025205,1.053979886357522,1.110873600846215,3.0,53.41016725054036,0.046421603888657285,1.510940028942292,2.2829397710601342,2.0,109.75737574222798,0.026683967469301607,0.40248805789587033,0.16199663674878945,3.0,7.788413158826922,-0.11248878904464993,0.7261028410335553,0.5272253357570005,3.0,25.347743319589934,-0.38516168715624316,0.5972515521018816,0.3567094164881066,1.0,17.149491187960898,3.0179056549221612,1.4390097250761646,1.9490703138792675,0.8538084681360151,0.9550834116190297,0.5435644882419474,0.19839786160126807,-0.00911662170610369,-0.17380912457105907,walking,1,7.000000000000002,7.980000000000001,unseen,walking_unseen
-0.14560543506718704,0.937017212795124,0.8780012570743425,1.0,42.21527247599017,-0.05866342619761431,1.101489985833051,1.2132801888904947,2.0,58.346993805706525,-0.34245761825170007,1.2905677735220948,1.6655651780537772,2.0,80.0792778612607,-0.06325755446580254,0.4128480015680733,0.17044347239875182,5.0,8.196289401910734,-0.08354187918797297,0.5835872747354282,0.3405741072331241,3.0,16.378745256460107,-0.5206601690749959,0.44373739832776554,0.19690287867469408,1.0,9.480195988885622,2.720666230582117,1.2584746270803708,1.7378063554461733,0.9374408011082502,0.8193764524771392,0.564455899844269,0.028380913594868943,0.5133251174923502,-0.0032626042358852333,walking,1,7.500000000000002,8.480000000000002,unseen,walking_unseen
-0.3437433667128608,0.9169686833621078,0.8408315662668374,1.0,40.449660848707516,-0.19529592070234233,0.9806593530509777,0.9616927667263622,2.0,46.24762580911982,-0.19462984867772284,1.6458760685953806,2.708908033174986,2.0,130.2559498265796,0.009068616965806603,0.3824207167885362,0.1462456046290578,5.0,7.031958971859483,0.004372890428870042,0.3824414467172494,0.1462614601671827,5.0,7.0405462530498735,-0.3315522506328021,0.36097101739567333,0.1303000753996675,5.0,6.267399331327168,2.8873165882179204,0.9368461460441844,1.9344958131171293,0.9814983912360037,0.6295854220136377,0.3694016695520875,-0.4048874695775648,-0.014564953227001033,0.10592083913617235,walking,1,8.000000000000002,8.980000000000002,unseen,walking_unseen
-0.21664059355183227,0.6470377581779063,0.4186578605078908,1.0,20.14607878602977,0.11891029266557906,1.019335915944131,1.0390457095336607,1.0,49.98144718965846,0.16958470126409797,1.6050365982066883,2.576142481582898,2.0,123.86249544299996,0.11883193260108721,0.43440343150899263,0.18870634130678807,2.0,9.087413049031559,-0.10438302466684644,0.3818334641954476,0.1457967943794962,5.0,7.009479959873364,-0.39448241441034715,0.31551179282969954,0.09954769141461123,2.0,4.7898110593306695,2.728324614779747,1.0775581150725912,1.908731263174158,0.6931253797006499,0.7460937926386131,0.24089022190689113,-0.13319526678144872,-0.42763906199067603,0.32717245575876797,walking,1,8.500000000000002,9.480000000000002,unseen,walking_unseen
-0.4441860227360492,0.5843287237294393,0.34144005737527544,1.0,16.421883276610007,0.43926053627689154,0.8508218823385245,0.72389787546607,4.0,34.8084797118268,0.1135688164769404,0.9294357399901325,0.8638507947710052,5.0,41.57132115641291,0.08448494981642575,0.4942525219526969,0.24428555545660116,3.0,11.745892274382884,-0.15184833324502267,0.3060269029090068,0.09365246530407868,5.0,4.5046237603344625,-0.3475614037571402,0.2886389485782768,0.08331244263637312,4.0,4.006042441071167,2.1545621662927967,1.0223106782754305,1.4434359071689251,0.49882905599822286,0.6941572074510988,0.30065060648060277,0.49842948109548785,0.11559262245666399,-0.22570697431759482,walking,1,9.000000000000002,9.980000000000002,unseen,walking_unseen
-0.16476640003478352,0.8434839331421726,0.7114651454689891,1.0,34.221332276186594,-0.08889082753664425,0.6649007392027318,0.4420929929923393,1.0,21.256198812840434,0.00933753300898594,0.6591723011359153,0.43450812258481775,2.0,20.891100326097675,0.022816332635959894,0.37090657543794925,0.13757168770310713,3.0,6.619130941910102,-0.10659470791897854,0.17896971724388672,0.03203015969035677,5.0,1.5419990279954565,-0.16938992775990522,0.28712339318926067,0.08243984291651478,4.0,3.9660255655402405,1.7489241265004356,0.6733857231889637,1.1477143221494355,0.5531318388074168,0.45488340164819824,0.2927434809397737,-0.03411147750546733,0.34619748948063783,-0.4875352159013739,walking,1,9.500000000000002,10.480000000000002,unseen,walking_unseen
0.6246663481321569,0.5756870532293631,0.3314155832559076,4.0,15.940456643129643,-0.17967965645457706,0.5516576138248388,0.30432612289091493,3.0,14.63209707595695,0.12237091730623705,0.5939656226545335,0.3527951608953876,3.0,16.963555097449483,-0.013166498487353741,0.2671505507014635,0.0713694167400952,3.0,3.432210144734093,0.1099587675085415,0.26531907102660535,0.07039420945042084,3.0,3.384538348564902,0.040831128804793074,0.23178966469647772,0.05372644866010557,3.0,2.5863028235847336,1.6329129339507815,0.5987944091335716,1.0999434315223724,0.4648965275496986,0.4095339473902756,0.20421432148468244,0.24268274596516967,0.4298794251231597,-0.1529496695704006,walking,1,10.000000000000002,10.980000000000002,unseen,walking_unseen
0.7883672197362983,4.363539635138075,19.040478147420924,2.0,915.5032528632796,0.48273504781551063,5.3610545638882625,28.74090603698717,2.0,1382.1657826907929,0.7783265316266962,3.980459015001696,15.844053970108273,2.0,762.5716444521233,-0.128107718655226,0.848161115105995,0.7193772771778449,1.0,34.59843652631615,-0.7743524004892984,0.9439562029572166,0.8910533131014059,3.0,42.840482872012245,0.15095420888756317,0.7646662618864603,0.5847144920674126,2.0,28.156177937789398,9.488231307454237,2.0947179674168863,5.911362249889146,5.490135034266473,1.4026743968593467,0.9308437138668262,-0.7633828337305488,0.9685431857662177,-0.7175043815818944,jumping,2,0.0,0.9800000000000002,unseen,jumping_unseen
-0.7481772896024261,6.25078883721868,39.072361087497654,2.0,1878.4828452008737,0.8539816652467849,8.202943290542006,67.2882786278481,2.0,3235.2670577726512,0.3052128099743841,4.90173004736252,24.026957457216568,2.0,1155.193932620804,-0.3857437780991657,0.8357324073428232,0.6984486566830305,2.0,33.59246610920625,-0.5668705224719544,1.0698541230073222,1.1445878445157665,3.0,55.029214784769685,0.35659500053361654,0.9956261379907679,0.9912714066504116,1.0,47.659216601067406,16.46729510952011,2.3803064617540564,10.449533854706113,4.751531141909954,1.5438837265924668,1.0237340438842404,-0.797149248452398,0.9188410019126009,-0.731834107477569,jumping,2,0.5000000000000001,1.4800000000000002,unseen,jumping_unseen
-1.2085248038784842,6.045143973252349,36.5437656573492,2.0,1756.9761600430584,1.022298751979666,9.125406898017706,83.27305105438913,2.0,4004.2162889274955,-0.29661244193181147,3.947383268773399,15.581834670592166,2.0,749.1714622717847,-0.11168679144872407,0.7326977697696624,0.5368460218254372,4.0,25.83317402348326,0.029784553648107646,0.975963616692555,0.9525049811076126,1.0,45.82469082025313,0.04560053763649341,0.9154822435129317,0.8381077381874708,1.0,40.33292796207939,16.775636648753697,1.969855609223012,10.786650760198052,4.651926766453522,1.277440924468669,0.8432341867275175,-0.8804475347776749,0.8792899652989055,-0.7979155742649947,jumping,2,1.0000000000000002,1.9800000000000004,unseen,jumping_unseen
-0.04608195447032031,5.904483259399674,34.862922560531,2.0,1676.146367007597,0.8571464973110647,9.01021839673696,81.18403555689716,2.0,3903.3265228415144,0.2516259585319612,4.091472931607294,16.740150750075184,2.0,804.8643842326759,-0.025485639784182067,0.7824565079606387,0.6122381868499571,2.0,29.44121949497709,0.17030941872060826,0.8240797816339682,0.6791074864978888,2.0,32.653132794627595,-0.1455590165062185,0.6147885866932973,0.3779650063283419,2.0,18.172306561664236,16.844229669605557,1.77815519820338,10.591067883318631,4.627799611675888,1.166389272176915,0.5997407678765989,-0.9234866647089963,0.9099060344188787,-0.8262711087746475,jumping,2,1.5000000000000002,2.4800000000000004,unseen,jumping_unseen
-0.12247901257939592,5.973197254310155,35.679085438898376,2.0,1715.6419341332185,0.23475904861955182,8.511300795549664,72.44224123232435,2.0,3483.0747572272844,0.3254298648631609,4.141310506857141,17.150452714205347,2.0,824.767466741077,0.03444851830038491,0.8404167121873994,0.7063002501238782,2.0,33.95688651088708,-0.09999150416588738,0.6900894950755128,0.4762235112135762,2.0,22.898801298408696,0.013503084442981664,0.5422127840071762,0.29399470314081266,2.0,14.136539967211416,16.356542097288852,1.7215180271416692,10.18098848430979,4.6685404982880385,1.1531572437524427,0.3976357255924821,-0.9114564759412312,0.9148099643858751,-0.8823506425555325,jumping,2,2.0000000000000004,2.9800000000000004,unseen,jumping_unseen
-0.10700742536006518,6.338577129204817,40.17756002287838,2.0,1932.06852066893,-0.04375108261527355,8.794492383973974,77.34309629177623,2.0,3718.609842990855,0.6459968500396047,4.028597785121063,16.22960011428233,2.0,780.6547090165561,0.09972183170911972,0.8850262915262286,0.7832715366926689,2.0,37.68483944974091,-0.023542683648117874,1.0823742151109033,1.1715339415369437,2.0,56.33529457387215,-0.09407255082368586,0.7200761199425642,0.5185096185115381,2.0,24.92967961026879,16.662808466722545,2.182797187732413,10.403518163695432,5.093892708250679,1.4886373117800777,0.5259490443080838,-0.9085190422227307,0.8936143454061315,-0.8226133823149318,jumping,2,2.5000000000000004,3.480000000000001,unseen,jumping_unseen
0.3309675081127807,6.368349209520852,40.555871654404854,2.0,1949.9236219120573,-0.12250275968636998,9.012120922170245,81.21832351581867,2.0,3905.121750677191,0.7353058999163465,4.466726329360371,19.95164410140118,2.0,959.214012382289,0.10842909566360198,1.1586159375398761,1.342390890721406,4.0,64.53802979971383,0.03222101993444416,1.2135245678983653,1.472641876892914,2.0,70.80011390590997,0.011670488711060096,1.015868551087616,1.0319889130888524,2.0,49.616345562339944,17.19139537801495,2.6931477443944276,10.899530301223306,4.857087570586795,1.817193944436616,0.7468327203764324,-0.8385914959635727,0.8276039371263022,-0.5258921701827834,jumping,2,3.0000000000000004,3.980000000000001,unseen,jumping_unseen
0.5238518516397999,5.596262488275578,31.318153837680356,2.0,1505.6972506826423,-0.3985828938161097,9.000822408619936,81.01480403151477,2.0,3895.1697671190686,0.4893734028838791,4.265211366589674,18.192028001685753,3.0,874.6506058114758,0.039095518405092,1.120715002065412,1.2560021158544765,3.0,60.39310655612077,0.10176491917453337,0.9570285021584298,0.9159035539436077,2.0,44.069232563253735,-0.006381343258635566,0.9667098764705625,0.9345279852657302,2.0,44.93042197768652,16.254011437952528,2.3657403404314437,10.591955376347803,4.359844330878934,1.5714451815741644,0.8055550733791594,-0.7925368064254742,0.817390682066544,-0.46787058958407707,jumping,2,3.500000000000001,4.48,unseen,jumping_unseen
-0.5603009182301776,5.019998903493303,25.20038899107396,2.0,1211.7062619770413,-0.460609298871375,8.916889789313599,79.51092351476511,2.0,3822.8524200285046,0.11265139029641116,4.200941963394597,17.64791337980965,2.0,848.4815161561582,0.3180251653603517,1.2011704339363574,1.4428104113628573,2.0,69.4014455173458,0.4604156411960078,1.4672712495333073,2.152884919707033,2.0,103.54145503301442,-0.24949092677651913,1.1463012637059633,1.3140065871738882,2.0,63.19607404908943,15.120246185150975,3.079490110039003,10.148442683699454,4.4617401719763805,1.9622150151955378,1.197824045254214,-0.750093081653474,0.831966666548842,-0.47264209424224235,jumping,2,4.000000000000001,4.980000000000001,unseen,jumping_unseen
-0.283174990109578,3.8325486797519184,14.688429382668174,2.0,706.1764171765042,0.6113733734484001,6.555541623055562,42.97512597161395,2.0,2066.774015298306,0.4876360005025775,5.601280758007559,31.37434613002574,2.0,1508.9654485452713,0.8772380738788398,1.2761276597900553,1.628501804081243,2.0,78.29425915911601,0.7883120475258937,1.5562606403216825,2.421947180614453,1.0,116.44058866993176,-0.4267798493187678,1.1428951221016053,1.3062092601236432,2.0,62.80028350914564,12.532502312540554,3.579106130846093,8.521218999331001,4.137448802767187,2.3317507863327775,1.2217692407232583,-0.6056502333723389,0.6760459130698144,-0.41469038782419787,jumping,2,4.500000000000001,5.480000000000001,unseen,jumping_unseen
0.2278219702942141,2.351850512873942,5.531200834905426,2.0,265.92786614582167,0.8149719377644159,2.4822242710421607,6.161437331750787,2.0,296.4195824332578,1.313804071891713,7.298311112237584,53.2653450910106,2.0,2560.9061353656457,0.5834220762341866,1.0729387924802392,1.1511976524089538,2.0,55.365435627114614,0.37624273371327005,1.0086308672781712,1.0173362264263157,1.0,48.96838898583035,-0.2829597167147431,0.6101438144262994,0.37227547428267443,3.0,17.935121899998734,9.996706358988199,2.1600049943620157,7.2432774328424,3.864592932943172,1.4635115079449728,0.980280334508097,-0.4630531767247197,0.6589640087885656,-0.5616605365039461,jumping,2,5.000000000000001,5.980000000000001,unseen,jumping_unseen
-1.2211697812769828,3.6120289225135442,13.046752937074354,2.0,627.4545928794398,0.789003630618734,6.086034756823663,37.03981906126567,2.0,1780.8059340249847,0.28363720265485004,7.783109209357216,60.57678896478111,2.0,2912.9716036949517,-0.9507381379548705,1.9271565388478666,3.7139323252240892,1.0,178.57676970708295,-1.1206743476907304,1.6779813022592507,2.815621250731651,1.0,135.36879357709887,0.8012921895632442,1.2347014594814931,1.5244876940457295,1.0,73.29285017409943,12.86956801507336,3.726606037306766,9.353964583369342,5.03596465066591,2.344066104954273,2.3154434865042526,-0.35214035913661373,0.6721765265361259,-0.1292935407573559,jumping,2,5.500000000000001,6.480000000000001,unseen,jumping_unseen
-1.0661781343902743,4.618266392165441,21.3283844690048,2.0,1025.5800230631385,1.031312458557239,8.402375020161971,70.59990597944189,2.0,3395.123514327948,-0.09148560996464097,5.374490032861765,28.885143113330454,1.0,1388.9324992703869,-0.9050510867421164,1.89214458842913,3.580211143521641,1.0,172.13090090243543,-0.9696719959720695,1.8538880516548155,3.436900908068488,1.0,165.24336289910372,0.7457893544766162,1.2749063105234917,1.6253861006126218,1.0,78.14394164157319,14.893370491780455,3.8225745814440133,10.177669613087032,4.4087623690645765,2.4040383142565207,2.275671537464405,-0.6767734358293035,0.6263905303152536,-0.24103803567314247,jumping,2,6.000000000000001,6.980000000000001,unseen,jumping_unseen
-0.3350425713002393,5.025093137777678,25.251561043340313,2.0,1214.0236846752937,1.2744361506256923,9.102915099538365,82.86306330940356,2.0,3983.9000890465204,0.43689763492327865,3.4105807509383617,11.63206105867128,2.0,559.2458375779622,0.10527280791591503,0.5659494573982793,0.3202987883294067,4.0,15.399155839565157,0.2938628055786336,0.93497427232437,0.8741768899084852,2.0,42.030732786797984,-0.19562444141099608,0.5649001528890881,0.3191121827341151,4.0,15.343392147005252,15.44034746538177,1.7818147420512096,10.088418969361323,4.460695986060071,1.1698277446226273,0.5299033341559143,-0.934064810530266,0.8514785112985824,-0.7734774656609344,jumping,2,6.500000000000001,7.480000000000001,unseen,jumping_unseen
-0.7006796926130376,4.79245989274594,22.96767182357843,2.0,1104.2313033709856,1.1155608537770867,9.145343232561597,83.6373028413602,2.0,4021.125659456908,-0.13419047157302422,4.369981999574902,19.096742676608663,2.0,918.43168724832,0.044480758721075,0.685771446288857,0.47028247654511063,2.0,22.61285317340178,0.3390587232210261,0.8864836934336853,0.785853338723828,2.0,37.828989446328166,-0.007678614285413032,0.5882721140875395,0.34606408021302315,4.0,16.63774523972986,15.9328592144989,1.8011791395413754,10.241914576898207,4.749561903359978,1.200341513017096,0.5276158303309422,-0.9090493309539946,0.8322764173037794,-0.7842324816591092,jumping,2,7.000000000000002,7.980000000000001,unseen,jumping_unseen
-0.327874573867259,3.6613287495369295,13.405328212185657,2.0,644.5411475693644,0.4299914742711904,7.399096208463349,54.7466247020967,2.0,2632.201914888275,-0.6333336848690264,4.304698137564598,18.53042605555212,2.0,890.8988063906035,0.40519419488626823,0.7402784593811612,0.5480121974237455,4.0,26.35394473897639,0.5613268728064936,0.804372636670692,0.6470153386245611,3.0,31.106721391733366,0.015297068895043635,0.4425848258913356,0.19588132810926384,4.0,9.424067694628977,13.350961632455055,1.849332563711489,8.512276089311488,3.8622584985594552,1.2664841401650089,0.5161695272767439,-0.8846949323664838,0.7707827707098145,-0.8197053112908521,jumping,2,7.500000000000002,8.480000000000002,unseen,jumping_unseen
-0.05254978819707416,2.5384669080694184,6.443814243363514,2.0,310.11956363827284,0.1783677590646191,5.893169174226508,34.72944291605354,2.0,1669.8007830729719,-0.17070423227736037,4.7006549076823605,22.09615656111826,2.0,1062.4242728001896,0.5263841128301356,0.6374145489146161,0.4062973071680236,2.0,19.53524333262611,0.3626485629903058,0.7561770597842421,0.5718037457439412,1.0,27.49107604565642,0.040279442412474414,0.36516139025364064,0.13334284093197163,1.0,6.410963777504221,11.629687139378111,1.5831360876172351,7.349172481956061,3.053325076637894,1.0701271620797406,0.6135865047269699,-0.8985118584281274,0.7992220618042752,-0.8830156439787332,jumping,2,8.000000000000002,8.980000000000002,unseen,jumping_unseen
-0.12093845099966409,2.031047565747795,4.125154214330043,2.0,198.3354636821869,-0.05226656646107036,4.818611986295473,23.219021474470402,2.0,1116.6396086485765,-0.05588501183250792,5.146027989901183,26.481604072846416,2.0,1273.4990563073507,0.21144707685793698,0.6705144410629088,0.44958961567390504,2.0,21.615380698509846,0.00900330005554695,0.5460593049225031,0.29818076449244724,2.0,14.33660497725295,0.03449031061366629,0.47055875691985166,0.22142554371395604,1.0,10.648838991669871,10.16786987958146,1.378725722553576,6.587671216327609,3.2324679031141117,0.8890151749278804,0.47416078483795177,-0.8032630671413097,0.7341081060897717,-0.8447514294265985,jumping,2,8.500000000000002,9.480000000000002,unseen,jumping_unseen
0.10261337411729606,1.614855529484862,2.6077583811078346,3.0,125.39538283374738,-0.30996841104321854,3.7517905918815853,14.075932645331175,2.0,677.1074717006587,0.10675655433745257,5.530727599046393,30.588947774853477,2.0,1470.7856499206098,0.3079204040405281,0.7675347860388194,0.5891096477796562,2.0,28.32281640245587,0.19262790334355148,0.5030422083762514,0.2530514634080559,4.0,12.166165813935836,-0.20356357547133247,0.40697223727269644,0.16562640191074393,4.0,7.964755978661335,8.929048621047755,1.4913932790916664,5.994960872050609,3.3839458958678823,1.003134989924444,0.4181702030482682,-0.5819572542125493,0.5298085451277833,-0.8263870775677657,jumping,2,9.000000000000002,9.980000000000002,unseen,jumping_unseen
0.2183138129476096,1.1305784577666245,1.2782076491659589,3.0,61.518664554846865,-0.18613810241975248,2.4734945558510626,6.118175317824845,2.0,294.4806693384499,0.6448203357608395,4.321199143395726,18.672762036883956,2.0,897.9559627077882,0.22197710762837566,0.668895060161127,0.44742060150795765,5.0,21.51063023138982,0.15631692960925342,0.3012484298192027,0.09075061646853508,4.0,4.363014538997041,-0.13631433235674337,0.2315624162565507,0.053621152622572055,5.0,2.5781063067638224,5.970291455616011,0.989490211398431,4.030080584029829,3.2133622686537278,0.6912656233025584,0.4541306250833331,-0.5044246113751434,0.3486204190735923,-0.870516852598846,jumping,2,9.500000000000002,10.480000000000002,unseen,jumping_unseen
0.01377492380217797,0.02397830311956197,0.0005749590204935953,25.0,0.040936743700589966,-0.04424613508926133,0.009375999019641574,8.790935761631976e-05,6.0,0.0042759119976029875,-0.012594360523894286,0.009917242494809422,9.83516987008538e-05,11.0,0.004780413876496909,0.00028001479213894247,0.0013053134947915216,1.7038433196848556e-06,25.0,8.635220588547218e-05,-0.000410239312632125,0.004980046447607492,2.4800862620328e-05,24.0,0.0013079587281700912,0.00018893875446601423,0.0011858440770803663,1.4062261751465858e-06,8.0,6.879249823759609e-05,0.07925573387878936,0.004852156238645792,0.05429591575871914,0.010920646584870406,0.0035626577013015293,0.003937106126192308,0.27244802422178394,-0.04942719874276915,-0.402261950892142,still,3,0.0,0.9800000000000003,unseen,still_unseen
0.011114386570939098,0.007673042469766507,5.8875580742840496e-05,25.0,0.00334974735191959,-0.03491421795708313,0.008835909900993711,7.807330377847869e-05,1.0,0.003761572604991957,-0.012279317116909817,0.006661223710641231,4.4371901323208925e-05,22.0,0.0021382019994740506,0.00021774400085913613,0.0008079472810859538,6.527788090141853e-07,22.0,3.1539343411322596e-05,-0.0003921297749449923,0.0012808497418605432,1.6405760612242199e-06,25.0,8.940873502935265e-05,9.263428485238511e-05,0.0009498979237861599,9.023060656132573e-07,2.0,4.355802904465182e-05,0.05882884926896911,0.002489831106302491,0.040037846850195784,0.008461999687154798,0.0016953494628212799,0.0007288418592547539,-0.012993729823276914,-0.017260970314722842,-0.11222205054286574,still,3,0.5000000000000001,1.4800000000000002,unseen,still_unseen
0.010498665629314185,0.005236069919588138,2.7416428202815724e-05,23.0,0.0013243703357959055,-0.024686789393997096,0.007258562540721024,5.268673015755845e-05,1.0,0.002539762660248125,-0.01312649404474285,0.006180520614849604,3.8198835070580924e-05,25.0,0.0020211450244684323,0.0001105400599736942,0.0008769446649993409,7.690319454708062e-07,18.0,3.830155553121253e-05,-0.00018691118717800972,0.001176389812555018,1.3838929910832302e-06,22.0,6.994643017706461e-05,2.6646593792267298e-05,0.0009486710984031037,8.999768529453513e-07,19.0,4.35325809980376e-05,0.04845087323417684,0.0024098061266292323,0.03117444034673839,0.006198440044477738,0.0016190076188963036,0.0006925179110803715,0.12117479153066867,-0.1603105998056594,-0.1362651842328978,still,3,1.0000000000000002,1.9800000000000002,unseen,still_unseen
0.00902739089233528,0.0060344437351845855,3.641451119310849e-05,4.0,0.0017653086654515224,-0.019062482400472872,0.005986518433393756,3.5838402953363234e-05,1.0,0.001723065265020291,-0.014675539697089639,0.005726802958978821,3.2796272130968586e-05,25.0,0.0018402502927103805,-4.855887325099463e-06,0.0012492901403665698,1.560725854817124e-06,17.0,7.51578511610328e-05,2.5202139389753968e-05,0.0011130796762053544,1.2389463655814168e-06,25.0,6.692941488113606e-05,0.00015866955158676043,0.000874215934770367,7.642535006064267e-07,6.0,3.68190005857214e-05,0.04332899463884436,0.002663769975774769,0.027085669159863483,0.005626650818388357,0.001765840363085354,0.0006867082984614592,-0.03204147967618303,-0.02715065975743308,0.019478970825169282,still,3,1.5000000000000002,2.4800000000000004,unseen,still_unseen
0.008529186263341244,0.006446655903391255,4.155937233672931e-05,24.0,0.002004114331015085,-0.015292823116824955,0.005765682813333974,3.3243098303974776e-05,21.0,0.0016152221856641225,-0.014873486608985395,0.006135319144554766,3.764214100554023e-05,5.0,0.0019110305156360718,9.712626360037675e-05,0.0012058430849705272,1.4540575455712382e-06,12.0,7.174324394146483e-05,6.109567236191332e-05,0.0009759846983002468,9.525461313162237e-07,19.0,4.692833040446147e-05,9.57457648976684e-05,0.0008227393651892317,6.769000630319799e-07,11.0,3.257693342569903e-05,0.03932495478255617,0.0024992948507905756,0.024492415469862857,0.006356434315148682,0.0016254427758725354,0.0006810087855831173,0.08845130070875017,-0.04149502489951664,0.30054609268540305,still,3,2.0000000000000004,2.9800000000000004,unseen,still_unseen
0.008921173171195087,0.006894638296171694,4.753603723503731e-05,5.0,0.002344395466469551,-0.012255203280026215,0.006138448187795288,3.768054615424726e-05,21.0,0.0018712479621084675,-0.014580801373764087,0.006827930894634414,4.662064030190311e-05,25.0,0.002520084030121636,0.00013654097142791748,0.0009630452864316717,9.274562237182607e-07,16.0,4.5205236928441376e-05,-4.077909708574463e-05,0.0009462652544111286,8.95417931705758e-07,7.0,4.3239038547269317e-05,0.00012483658243597634,0.00089416928870937,7.995387168710207e-07,11.0,3.849107883291209e-05,0.03624581511397871,0.00234730718719239,0.02296778238474828,0.006833396147188537,0.001519629244410482,0.0005907879279228458,0.02736276456925955,0.07310889080988534,0.26176378457734145,still,3,2.5000000000000004,3.480000000000001,unseen,still_unseen
0.006766032503671835,0.00711216658760666,5.058291356986856e-05,5.0,0.002492865466822861,-0.009858198178002032,0.006317495532746189,3.9910749806268055e-05,2.0,0.0019203324993334878,-0.015796419905363967,0.006734127545316856,4.5348473796595226e-05,25.0,0.0023394325364300248,0.00010992474394930477,0.0010336039436728355,1.0683371123760381e-06,7.0,5.2504486114568653e-05,3.552216656618596e-05,0.0009798410203641398,9.600884251882384e-07,6.0,4.682807496248809e-05,0.00032700477758899356,0.0011090367561454114,1.2299625264815366e-06,1.0,5.91349324823664e-05,0.03370284452597563,0.002650187735923015,0.022192420087951484,0.00598571439317852,0.0017265107687903308,0.000630734514286904,-0.09994037066473083,0.23817623912809432,-0.12983743996235986,still,3,3.0000000000000004,3.9800000000000013,unseen,still_unseen
0.005506400606862282,0.007438773297710238,5.533534817472684e-05,25.0,0.002850516910217926,-0.007631181192806336,0.006477266806000574,4.1954985276116884e-05,16.0,0.002020442596986495,-0.016221092791391906,0.007671230483039539,5.8847777123915045e-05,8.0,0.0028301145971127684,0.0002699338470364706,0.001118635525048871,1.2513454379013629e-06,20.0,6.100165085971286e-05,-8.692414969668847e-05,0.0012207619341201576,1.490259699796788e-06,6.0,7.270629717240896e-05,0.0001572255684375261,0.001198735177298455,1.4369660252927586e-06,1.0,6.911034818016124e-05,0.03201116811714891,0.0029542365478238404,0.021330396945645737,0.007268528193767076,0.001949065584068114,0.0006963149294242047,-0.14274911896932072,-0.1310056754119034,0.055117688886124144,still,3,3.500000000000001,4.48,unseen,still_unseen
0.005297337956060616,0.00862622867143227,7.441182109184017e-05,24.0,0.0035875295279554223,-0.005704131311419137,0.005886155395801419,3.4646825343522164e-05,15.0,0.0016761728580653968,-0.01601612697583576,0.007410956057288939,5.492226968306761e-05,8.0,0.00268854569955884,0.00027129127543939,0.0011679791150031192,1.3641752130834694e-06,3.0,6.558756783297745e-05,-0.00013827236106144232,0.0012475669472971503,1.5564232879883307e-06,12.0,7.487868905514963e-05,0.0001798509537261053,0.0012553497237618586,1.5759029289489745e-06,6.0,7.586115043981306e-05,0.030872405107286404,0.0030197700526226738,0.020774028161712536,0.00703817425185902,0.002018345316429393,0.000740167670995927,-0.1205996951214556,-0.07369711234972173,0.05975291972741475,still,3,4.000000000000001,4.980000000000001,unseen,still_unseen
0.005026822758218157,0.00814629695006436,6.636215399862788e-05,23.0,0.003272077670773593,-0.005076871262655506,0.005741828809312832,3.2968598075454816e-05,6.0,0.0015856259373122383,-0.014743076572786102,0.006579251427831299,4.328654935062019e-05,9.0,0.002086804657078072,0.00011007980789466172,0.0011359122850131962,1.2902967192439006e-06,1.0,6.2636807185533e-05,9.615525607314662e-05,0.0011814841454654479,1.3959047859862195e-06,5.0,6.81113234027382e-05,0.0002120365158118034,0.001176746762974884,1.3847329441718678e-06,6.0,6.658943563233615e-05,0.028415801937001117,0.0027903144973818617,0.01935607109527366,0.006030065411798307,0.001855425313191601,0.0008334591999516617,-0.10702002107096827,0.22074891716942996,-0.12903119645554975,still,3,4.500000000000001,5.480000000000001,unseen,still_unseen
0.0038045535485946307,0.0063745203955853655,4.063451027373381e-05,6.0,0.0019543670051097852,-0.003573773510266381,0.006532378154008458,4.267196434696695e-05,7.0,0.002076821029729649,-0.013424140434427554,0.006950153442355084,4.830463287228022e-05,9.0,0.0023225635420691987,6.295192814184e-05,0.001123748469379742,1.2628106224333128e-06,13.0,6.224773202630863e-05,0.000122211949567115,0.0011095559094728698,1.231114316246167e-06,18.0,6.297375201428564e-05,7.520901408996898e-05,0.0008632198720852848,7.451485475629354e-07,13.0,3.584000773242991e-05,0.02522836438812545,0.0025357414337458177,0.01743908894278759,0.005911287131290718,0.0016564414598764085,0.0007209925643993026,-0.1371750957309785,0.21432393311262002,0.06211608425571296,still,3,5.000000000000001,5.980000000000001,unseen,still_unseen
0.0023550560054869797,0.00537766233718993,2.8919252212831053e-05,10.0,0.0014603712337519037,-0.0032828445372315835,0.006312197414570357,3.9843836200508695e-05,22.0,0.0019161506192396326,-0.014145899684056029,0.006221642937119769,3.8708840837012304e-05,9.0,0.0018611902590848597,0.00011393850130934094,0.0012065079646336686,1.4556614687244777e-06,1.0,7.074025953390033e-05,-7.413369984178263e-05,0.00094811368948815,8.989195681948322e-07,17.0,4.497754875609476e-05,9.074885647287393e-06,0.0008741171323609273,7.64080761086891e-07,14.0,3.71178453964465e-05,0.024887818717006436,0.002519396051247971,0.017352848189449106,0.004772884230763713,0.0016405126384613983,0.000667787557638643,0.11372864798293715,0.16178243916792814,0.07459064680592582,still,3,5.500000000000001,6.480000000000001,unseen,still_unseen
0.000983309495648048,0.006612463262478805,4.372467039763185e-05,17.0,0.002106433426348966,-0.0030936545644871787,0.0060300426895532975,3.6361414837835164e-05,5.0,0.00175431372753046,-0.01354452063917099,0.005662425973723854,3.206306790790253e-05,9.0,0.0015457486037567596,8.649143657973347e-05,0.001114500016048391,1.2421102857718635e-06,23.0,5.972301513644089e-05,9.999716950428459e-05,0.000968162832495703,9.373392702261027e-07,18.0,4.570362317262107e-05,8.802732055143125e-05,0.0008791352567622766,7.728787996824738e-07,24.0,3.798361910350035e-05,0.024433251730590504,0.0024013803096384775,0.01672190366929129,0.0051496336075341305,0.0015639676085208143,0.000729083456712662,-0.04902531763142025,0.15992983625227544,-0.095681654817448,still,3,6.000000000000001,6.980000000000001,unseen,still_unseen
-0.0008477899947271017,0.007412871439045103,5.4950662971810616e-05,17.0,0.002682433525494845,-0.0015337573030991419,0.005136829903173893,2.638702145414151e-05,2.0,0.001272282371761917,-0.013757176130595097,0.007138076118298282,5.095213067062026e-05,14.0,0.0024704266699205344,5.042125066802527e-05,0.0009851462280604229,9.705130906616788e-07,5.0,4.681719306479772e-05,7.495222952312504e-05,0.0010191422957814464,1.0386510190506773e-06,12.0,4.994718669978341e-05,0.0001752951281020674,0.0009579706217085948,9.177077120567517e-07,23.0,4.46448079613935e-05,0.02395070246576516,0.0023595541961395046,0.01673853422031451,0.006666508957476723,0.0015396674538993064,0.0007714819987129128,-0.024567134579864446,0.3149808153523067,0.06277403199736316,still,3,6.500000000000001,7.480000000000001,unseen,still_unseen
-0.00029501012886104186,0.0074885249273658056,5.607800558777905e-05,8.0,0.002720028852619037,-0.001000195965583055,0.005281863469730071,2.789808171286899e-05,12.0,0.0013799695946710374,-0.01530779199663755,0.007232142332657871,5.230388271982203e-05,13.0,0.002518452614768323,2.335966441887948e-05,0.0010823265535983993,1.1714307686241887e-06,17.0,5.634464937269422e-05,-0.00024431907450499484,0.001028525515201288,1.0578647354200751e-06,17.0,5.095157146374597e-05,0.00014356850822955816,0.0010194585328700703,1.0392957002415965e-06,14.0,5.064045911438006e-05,0.025631060257024413,0.0024714539164157625,0.018118369516844413,0.0065894290215141515,0.0016436203601218036,0.0008049551023025649,0.2119733920671646,0.1594425383505139,0.17843266661606794,still,3,7.000000000000002,7.980000000000002,unseen,still_unseen
0.00230794326215838,0.007820677223500699,6.11629922341826e-05,19.0,0.0030238622934847456,-0.0008574944698600996,0.005318259089869306,2.8283879746977497e-05,13.0,0.0013628363415004988,-0.0157130039513775,0.00713431638305413,5.089847025351457e-05,13.0,0.002449866530338233,4.78042806606371e-05,0.0012093701404249427,1.4625761365514456e-06,14.0,7.236112815542965e-05,-3.3106572154017996e-05,0.0010732268072173928,1.1518157797300387e-06,1.0,5.549785782322882e-05,8.705642794772496e-05,0.0008813548407939757,7.767863553909742e-07,14.0,3.8166640681749224e-05,0.02616665639017646,0.0024978974469455533,0.018686579998919615,0.006642097727513509,0.0017138561471994576,0.0006817884528175711,0.10295642252965499,-0.058196031340634766,-0.09681837128560435,still,3,7.500000000000002,8.480000000000002,unseen,still_unseen
0.0032114063486529043,0.008107376411907235,6.572955228434982e-05,6.0,0.0031705536714261196,-0.0007240387628394124,0.005571553197250486,3.104220502979211e-05,24.0,0.0014952018886737136,-0.015423567914367432,0.007301441436018084,5.331104704360182e-05,13.0,0.0025676420988081866,0.0001999376707615501,0.0012928511888757282,1.6714641965773842e-06,14.0,8.438699090094286e-05,0.0002325965552488724,0.0010732324068578618,1.151827799129919e-06,22.0,5.772659223597549e-05,-1.674347693133943e-05,0.0008436862342222054,7.11806461816046e-07,17.0,3.522698957839262e-05,0.026579474806629824,0.002596199999625923,0.018718709476973197,0.006958198757565371,0.0017535581397537013,0.0007446401021633429,0.009779182108017724,-0.09994994424579978,-0.060001924732373785,still,3,8.000000000000002,8.980000000000002,unseen,still_unseen
0.002075232127359707,0.008237938458179658,6.786363004075544e-05,24.0,0.003314081349122415,-6.212848673047179e-05,0.00576376145838828,3.322094614920219e-05,4.0,0.0016002231440000677,-0.015749483258484263,0.007118812815659863,5.067749590440311e-05,9.0,0.0025502546575075988,0.00022191974771367318,0.0013968999860611848,1.951329571057738e-06,12.0,9.400396473397833e-05,0.00025081084124872895,0.001277957426805798,1.6331751847280969e-06,22.0,7.864442516157188e-05,-5.6418796314284546e-05,0.001042503315018993,1.08681316182559e-06,13.0,5.229207918806247e-05,0.027422313206843688,0.0030616261749405126,0.018965830947846662,0.006664532976332855,0.0019916598006344943,0.0009055090773916852,0.1834757130702481,-0.22388511082180446,0.07201690885816596,still,3,8.500000000000002,9.480000000000002,unseen,still_unseen
0.0013441738030432315,0.008025685103553767,6.441162138140484e-05,11.0,0.003224946549244387,0.001268326679090974,0.005490845982814666,3.0149389606991958e-05,22.0,0.0014515994976580882,-0.014613893116626158,0.008122914239585118,6.598173574365467e-05,6.0,0.0033129737432987115,2.6981873004275348e-08,0.0015466096793882208,2.3920015003773355e-06,20.0,0.00011606565297756867,0.00019730686449621692,0.0013880373380247893,1.926647651750943e-06,23.0,9.347743037564545e-05,-9.841175091471225e-05,0.0012956833507699256,1.678795345462382e-06,13.0,8.213668731962975e-05,0.026053958094039906,0.0035156642563458403,0.018064356974210678,0.007155632861053768,0.0023159850286947,0.00082599801251342,0.07587268562550166,-0.18204927032055848,0.13139954160652637,still,3,9.000000000000002,9.980000000000002,unseen,still_unseen
0.0011460264595014801,0.006850232512746337,4.692568547868699e-05,11.0,0.002313465822684499,0.0030471625979459575,0.005280362683567432,2.788223007001145e-05,17.0,0.0013715449677185185,-0.01339754954179705,0.006993429217977187,4.8908052226857015e-05,21.0,0.0023514723019624514,0.00011945021178408776,0.0013160770363315362,1.7320587655591994e-06,2.0,8.514493542426067e-05,2.2656363698129194e-05,0.0011806812041600342,1.3940081058567884e-06,15.0,6.88007358398589e-05,1.9019143650800828e-05,0.001194813633096052,1.4275796178321872e-06,12.0,7.145712622642768e-05,0.024010447791184532,0.002929044833835569,0.016504563523464858,0.006434925092382448,0.001974739429091184,0.0008180428278380616,-0.06864087495204219,-0.09225337506223905,0.057160376537242645,still,3,9.500000000000002,10.480000000000002,unseen,still_unseen
